[
  {
    "key": "avatar",
    "x": 0.0,
    "y": 725.0,
    "scaleX": 1.0,
    "scaleY": 1.0,
    "flipX": false,
    "flipY": false,
    "angle": 0.0,
    "pivotX": 0.0,
    "pivotY": 1.0,
    "anchor": 1,
    "atlasKey": "",
    "assetKey": "EVT_AVATAR",
    "Parent": "root",
    "type": "image"
  },
  {
    "key": "dialog",
    "x": 264.0,
    "y": 740.0,
    "scaleX": 1.0,
    "scaleY": 1.0,
    "flipX": false,
    "flipY": false,
    "angle": 0.0,
    "pivotX": 0.0,
    "pivotY": 1.0,
    "anchor": 1,
    "atlasKey": "",
    "assetKey": "EVT_DIALOG",
    "Parent": "root",
    "type": "image"
  }
]