[
  {
    "key": "BTN_MENU",
    "x": 3.0,
    "y": 5.0,
    "scaleX": 1.0,
    "scaleY": 1.0,
    "flipX": false,
    "flipY": false,
    "angle": 0.0,
    "pivotX": 0.0,
    "pivotY": 1.0,
    "anchor": 1,
    "atlasKey": "",
    "assetKey": "CMN_BTN_MEDIUM|PNG_COMMON_BTN_PRESSED|PNG_NORMAL_TILE|PNG_NORMAL_TILE",
    "Parent": "root",
    "type": "button"
  },
  {
    "key": "IMG_SOUND",
    "x": 643.0,
    "y": 3.0,
    "scaleX": 1.0,
    "scaleY": 1.0,
    "flipX": false,
    "flipY": false,
    "angle": 0.0,
    "pivotX": 0.0,
    "pivotY": 1.0,
    "anchor": 1,
    "atlasKey": "",
    "assetKey": "PNG_COMMON_SOUND|PNG_COMMON_SOUND_PRESSED|CMN_BTN_SOUND|CMN_BTN_SOUND",
    "Parent": "root",
    "type": "button"
  },
  {
    "key": "IMG_PANEL_BG_1",
    "x": 2.0,
    "y": 813.0,
    "scaleX": 1.0,
    "scaleY": 1.0,
    "flipX": false,
    "flipY": false,
    "angle": 0.0,
    "pivotX": 0.0,
    "pivotY": 1.0,
    "anchor": 1,
    "atlasKey": "",
    "assetKey": "PNG_GUI_PANEL",
    "Parent": "root",
    "type": "image"
  },
  {
    "key": "IMG_METER",
    "x": -2.0,
    "y": 933.0,
    "scaleX": 1.0,
    "scaleY": 1.0,
    "flipX": false,
    "flipY": false,
    "angle": 0.0,
    "pivotX": 0.0,
    "pivotY": 1.0,
    "anchor": 1,
    "atlasKey": "",
    "assetKey": "PNG_PANEL_BG_METER",
    "Parent": "root",
    "type": "image"
  },
  {
    "key": "IMG_PANEL_BG_2",
    "x": 260.0,
    "y": 813.0,
    "scaleX": 1.0,
    "scaleY": 1.0,
    "flipX": false,
    "flipY": false,
    "angle": 0.0,
    "pivotX": 0.0,
    "pivotY": 1.0,
    "anchor": 1,
    "atlasKey": "",
    "assetKey": "PNG_GUI_PANEL",
    "Parent": "root",
    "type": "image"
  },
  {
    "key": "IMG_PANEL_BG_3",
    "x": 516.0,
    "y": 813.0,
    "scaleX": 1.0,
    "scaleY": 1.0,
    "flipX": false,
    "flipY": false,
    "angle": 0.0,
    "pivotX": 0.0,
    "pivotY": 1.0,
    "anchor": 1,
    "atlasKey": "",
    "assetKey": "PNG_GUI_PANEL",
    "Parent": "root",
    "type": "image"
  },
  {
    "key": "IMG_EMPTY_METER",
    "x": 15.0,
    "y": 948.0,
    "scaleX": 1.0,
    "scaleY": 1.0,
    "flipX": false,
    "flipY": false,
    "angle": 0.0,
    "pivotX": 0.0,
    "pivotY": 1.0,
    "anchor": 1,
    "atlasKey": "",
    "assetKey": "PNG_GUI_METER",
    "Parent": "root",
    "type": "image"
  },
  {
    "key": "score_progress",
    "x": 15.0,
    "y": 978.0,
    "scaleX": 1.0,
    "scaleY": 1.0,
    "flipX": false,
    "flipY": false,
    "angle": 0.0,
    "pivotX": 0.0,
    "pivotY": 0.5,
    "anchor": 4,
    "atlasKey": "",
    "assetKey": "INGAME_GUI_Progress",
    "Parent": "root",
    "type": "image"
  },
  {
    "key": "BTN_POWERUP_1",
    "x": 225.0,
    "y": 7.0,
    "scaleX": 1.0,
    "scaleY": 1.0,
    "flipX": false,
    "flipY": false,
    "angle": 0.0,
    "pivotX": 0.0,
    "pivotY": 1.0,
    "anchor": 1,
    "atlasKey": "",
    "assetKey": "PNG_GUI_BOOSTER|PNG_COMMON_BTN_PRESSED|PNG_NORMAL_TILE|PNG_NORMAL_TILE",
    "Parent": "root",
    "type": "button"
  },
  {
    "key": "BTN_POWERUP_2",
    "x": 365.0,
    "y": 8.0,
    "scaleX": 1.0,
    "scaleY": 1.0,
    "flipX": false,
    "flipY": false,
    "angle": 0.0,
    "pivotX": 0.0,
    "pivotY": 1.0,
    "anchor": 1,
    "atlasKey": "",
    "assetKey": "PNG_GUI_BOOSTER|PNG_COMMON_BTN_PRESSED|PNG_NORMAL_TILE|PNG_NORMAL_TILE",
    "Parent": "root",
    "type": "button"
  },
  {
    "key": "BTN_POWERUP_3",
    "x": 504.0,
    "y": 7.0,
    "scaleX": 1.0,
    "scaleY": 1.0,
    "flipX": false,
    "flipY": false,
    "angle": 0.0,
    "pivotX": 0.0,
    "pivotY": 1.0,
    "anchor": 1,
    "atlasKey": "",
    "assetKey": "PNG_GUI_BOOSTER|PNG_COMMON_BTN_PRESSED|PNG_NORMAL_TILE|PNG_NORMAL_TILE",
    "Parent": "root",
    "type": "button"
  },
  {
    "key": "BTN_MILK",
    "x": 253.0,
    "y": 22.0,
    "scaleX": 1.0,
    "scaleY": 1.0,
    "flipX": false,
    "flipY": false,
    "angle": 0.0,
    "pivotX": 0.0,
    "pivotY": 1.0,
    "anchor": 1,
    "atlasKey": "",
    "assetKey": "PNG_BOOSTER_MILK|PNG_BOOSTER_MILK|PNG_BOOSTER_MILK|PNG_BOOSTER_MILK",
    "Parent": "root",
    "type": "button"
  },
  {
    "key": "BTN_COOKIE_CUTTER",
    "x": 390.0,
    "y": 22.0,
    "scaleX": 1.0,
    "scaleY": 1.0,
    "flipX": false,
    "flipY": false,
    "angle": 0.0,
    "pivotX": 0.0,
    "pivotY": 1.0,
    "anchor": 1,
    "atlasKey": "",
    "assetKey": "PNG_BOOSTER_COOKIE|PNG_BOOSTER_COOKIE|PNG_BOOSTER_COOKIE|PNG_BOOSTER_COOKIE",
    "Parent": "root",
    "type": "button"
  },
  {
    "key": "BTN_HANDS",
    "x": 530.0,
    "y": 27.0,
    "scaleX": 1.0,
    "scaleY": 1.0,
    "flipX": false,
    "flipY": false,
    "angle": 0.0,
    "pivotX": 0.0,
    "pivotY": 1.0,
    "anchor": 1,
    "atlasKey": "",
    "assetKey": "PNG_BOOSTER_HANDS|PNG_BOOSTER_HANDS|PNG_BOOSTER_MILK|PNG_BOOSTER_MILK",
    "Parent": "root",
    "type": "button"
  },
  {
    "key": "IMG_DIVIDER_50",
    "x": 176.0,
    "y": 954.0,
    "scaleX": 1.0,
    "scaleY": 1.0,
    "flipX": false,
    "flipY": false,
    "angle": 0.0,
    "pivotX": 0.0,
    "pivotY": 1.0,
    "anchor": 1,
    "atlasKey": "",
    "assetKey": "PNG_GUI_METER_DIVIDER",
    "Parent": "root",
    "type": "image"
  },
  {
    "key": "IMG_DIVIDER_75",
    "x": 271.0,
    "y": 954.0,
    "scaleX": 1.0,
    "scaleY": 1.0,
    "flipX": false,
    "flipY": false,
    "angle": 0.0,
    "pivotX": 0.0,
    "pivotY": 1.0,
    "anchor": 1,
    "atlasKey": "",
    "assetKey": "PNG_GUI_METER_DIVIDER",
    "Parent": "root",
    "type": "image"
  },
  {
    "key": "IMG_HEART_50",
    "x": 159.0,
    "y": 977.0,
    "scaleX": 1.0,
    "scaleY": 1.0,
    "flipX": false,
    "flipY": false,
    "angle": 0.0,
    "pivotX": 0.0,
    "pivotY": 1.0,
    "anchor": 1,
    "atlasKey": "",
    "assetKey": "MAP_HEART",
    "Parent": "root",
    "type": "image"
  },
  {
    "key": "IMG_HEART_75",
    "x": 250.0,
    "y": 970.0,
    "scaleX": 1.25,
    "scaleY": 1.25,
    "flipX": false,
    "flipY": false,
    "angle": 0.0,
    "pivotX": 0.0,
    "pivotY": 1.0,
    "anchor": 1,
    "atlasKey": "",
    "assetKey": "MAP_HEART",
    "Parent": "root",
    "type": "image"
  },
  {
    "key": "IMG_HEART_100",
    "x": 356.0,
    "y": 946.0,
    "scaleX": 1.8,
    "scaleY": 1.8,
    "flipX": false,
    "flipY": false,
    "angle": 0.0,
    "pivotX": 0.0,
    "pivotY": 1.0,
    "anchor": 1,
    "atlasKey": "",
    "assetKey": "MAP_HEART",
    "Parent": "root",
    "type": "image"
  },
  {
    "key": "IMG_LOGO",
    "x": 478.0,
    "y": 927.0,
    "scaleX": 1.0,
    "scaleY": 1.0,
    "flipX": false,
    "flipY": false,
    "angle": 0.0,
    "pivotX": 0.0,
    "pivotY": 1.0,
    "anchor": 1,
    "atlasKey": "",
    "assetKey": "PNG_LOGO_ZIBBO",
    "Parent": "root",
    "type": "image"
  }
]