[
  {
    "key": "btn_level",
    "x": 0.0,
    "y": 0.0,
    "scaleX": 1.0,
    "scaleY": 1.0,
    "flipX": false,
    "flipY": false,
    "angle": 0.0,
    "pivotX": 0.0,
    "pivotY": 1.0,
    "anchor": 1,
    "atlasKey": "",
    "assetKey": "MAP_LEVEL_ICON|MAP_LEVEL_ICON|MAP_LEVEL_ICON|MAP_LEVEL_ICON",
    "Parent": "root",
    "type": "button"
  },
  {
    "key": "heart_1",
    "x": 109.0,
    "y": 98.0,
    "scaleX": 1.0,
    "scaleY": 1.0,
    "flipX": false,
    "flipY": false,
    "angle": 0.0,
    "pivotX": 0.0,
    "pivotY": 1.0,
    "anchor": 1,
    "atlasKey": "",
    "assetKey": "MAP_HEART_DIS|MAP_HEART_DIS|MAP_HEART_DIS|MAP_HEART_DIS",
    "Parent": "root",
    "type": "button"
  },
  {
    "key": "heart_2",
    "x": 63.0,
    "y": 98.0,
    "scaleX": 1.0,
    "scaleY": 1.0,
    "flipX": false,
    "flipY": false,
    "angle": 0.0,
    "pivotX": 0.0,
    "pivotY": 1.0,
    "anchor": 1,
    "atlasKey": "",
    "assetKey": "MAP_HEART_DIS|MAP_HEART_DIS|MAP_HEART_DIS|MAP_HEART_DIS",
    "Parent": "root",
    "type": "button"
  },
  {
    "key": "heart_3",
    "x": 16.0,
    "y": 98.0,
    "scaleX": 1.0,
    "scaleY": 1.0,
    "flipX": false,
    "flipY": false,
    "angle": 0.0,
    "pivotX": 0.0,
    "pivotY": 1.0,
    "anchor": 1,
    "atlasKey": "",
    "assetKey": "MAP_HEART_DIS|MAP_HEART_DIS|MAP_HEART_DIS|MAP_HEART_DIS",
    "Parent": "root",
    "type": "button"
  },
  {
    "key": "lock",
    "x": 117.0,
    "y": 89.0,
    "scaleX": 1.0,
    "scaleY": 1.0,
    "flipX": false,
    "flipY": false,
    "angle": 0.0,
    "pivotX": 0.0,
    "pivotY": 1.0,
    "anchor": 1,
    "atlasKey": "",
    "assetKey": "MAP_LOCK|MAP_LOCK|MAP_LOCK|MAP_LOCK",
    "Parent": "root",
    "type": "button"
  }
]