[
  {
    "key": "bg",
    "x": 0.0,
    "y": 0.0,
    "scaleX": 1.0,
    "scaleY": 1.0,
    "flipX": false,
    "flipY": false,
    "angle": 0.0,
    "pivotX": 0.0,
    "pivotY": 1.0,
    "anchor": 1,
    "atlasKey": "",
    "assetKey": "MM_Background",
    "Parent": "root",
    "type": "image"
  },
  {
    "key": "circle",
    "x": 120.0,
    "y": 89.0,
    "scaleX": 1.0,
    "scaleY": 1.0,
    "flipX": false,
    "flipY": false,
    "angle": 0.0,
    "pivotX": 0.0,
    "pivotY": 1.0,
    "anchor": 1,
    "atlasKey": "",
    "assetKey": "MM_Circle",
    "Parent": "root",
    "type": "image"
  },
  {
    "key": "character",
    "x": 229.0,
    "y": 27.0,
    "scaleX": 1.0,
    "scaleY": 1.0,
    "flipX": false,
    "flipY": false,
    "angle": 0.0,
    "pivotX": 0.0,
    "pivotY": 1.0,
    "anchor": 1,
    "atlasKey": "",
    "assetKey": "MM_Character",
    "Parent": "root",
    "type": "image"
  },
  {
    "key": "cookiecrunch",
    "x": 169.0,
    "y": 311.0,
    "scaleX": 0.25,
    "scaleY": 0.25,
    "flipX": false,
    "flipY": false,
    "angle": 0.0,
    "pivotX": 0.0,
    "pivotY": 1.0,
    "anchor": 1,
    "atlasKey": "",
    "assetKey": "MM_GameLogo",
    "Parent": "root",
    "type": "image"
  },
  {
    "key": "btn_play",
    "x": 203.0,
    "y": 524.0,
    "scaleX": 1.0,
    "scaleY": 1.0,
    "flipX": false,
    "flipY": false,
    "angle": 0.0,
    "pivotX": 0.0,
    "pivotY": 1.0,
    "anchor": 1,
    "atlasKey": "",
    "assetKey": "MM_Btn_Play|MM_Btn_Play|MM_Btn_Play|MM_Btn_Play",
    "Parent": "root",
    "type": "button"
  },
  {
    "key": "btn_info",
    "x": 388.0,
    "y": 640.0,
    "scaleX": 1.0,
    "scaleY": 1.0,
    "flipX": false,
    "flipY": false,
    "angle": 0.0,
    "pivotX": 0.0,
    "pivotY": 1.0,
    "anchor": 1,
    "atlasKey": "",
    "assetKey": "MM_Btn_Info|MM_Btn_Info_PRESSED|MM_Btn_Info|MM_Btn_Info",
    "Parent": "root",
    "type": "button"
  },
  {
    "key": "btn_sounds",
    "x": 265.0,
    "y": 640.0,
    "scaleX": 1.0,
    "scaleY": 1.0,
    "flipX": false,
    "flipY": false,
    "angle": 0.0,
    "pivotX": 0.0,
    "pivotY": 1.0,
    "anchor": 1,
    "atlasKey": "",
    "assetKey": "MM_Btn_Sound|MM_Btn_Sound_PRESSED|MM_Btn_Sound|MM_Btn_Sound",
    "Parent": "root",
    "type": "button"
  },
  {
    "key": "btn_moregames",
    "x": 203.0,
    "y": 753.0,
    "scaleX": 1.0,
    "scaleY": 1.0,
    "flipX": false,
    "flipY": false,
    "angle": 0.0,
    "pivotX": 0.0,
    "pivotY": 1.0,
    "anchor": 1,
    "atlasKey": "",
    "assetKey": "MM_Btn_MoreGames|MM_Btn_MoreGames|MM_Btn_MoreGames|MM_Btn_MoreGames",
    "Parent": "root",
    "type": "button"
  }
]