[
  {
    "key": "layout_indicator",
    "x": 25.0,
    "y": 231.0,
    "scaleX": 1.0,
    "scaleY": 1.0,
    "flipX": false,
    "flipY": false,
    "angle": 0.0,
    "pivotX": 0.0,
    "pivotY": 1.0,
    "anchor": 1,
    "atlasKey": "",
    "assetKey": "MAP_ARROW",
    "Parent": "root",
    "type": "image"
  },
  {
    "key": "level_details",
    "x": 5.0,
    "y": 746.0,
    "scaleX": 1.0,
    "scaleY": 1.0,
    "flipX": false,
    "flipY": false,
    "angle": 0.0,
    "pivotX": 0.0,
    "pivotY": 1.0,
    "anchor": 1,
    "atlasKey": "",
    "assetKey": "MAP_DETAILS",
    "Parent": "root",
    "type": "image"
  },
  {
    "key": "btn_play",
    "x": 285.0,
    "y": 864.0,
    "scaleX": 1.0,
    "scaleY": 1.0,
    "flipX": false,
    "flipY": false,
    "angle": 0.0,
    "pivotX": 0.0,
    "pivotY": 1.0,
    "anchor": 1,
    "atlasKey": "",
    "assetKey": "MAP_PLAY_BUTTON|MAP_PLAY_BUTTON_PRESSED|MAP_PLAY_BUTTON|MAP_PLAY_BUTTON",
    "Parent": "root",
    "type": "button"
  },
  {
    "key": "right_arrow",
    "x": 622.0,
    "y": 752.0,
    "scaleX": 1.0,
    "scaleY": 1.0,
    "flipX": false,
    "flipY": false,
    "angle": 0.0,
    "pivotX": 0.0,
    "pivotY": 1.0,
    "anchor": 1,
    "atlasKey": "",
    "assetKey": "MAP_ARROW|MAP_ARROW_PRESSED|MAP_ARROW|MAP_ARROW",
    "Parent": "root",
    "type": "button"
  },
  {
    "key": "left_arrow",
    "x": 594.0,
    "y": 753.0,
    "scaleX": 1.0,
    "scaleY": 1.0,
    "flipX": true,
    "flipY": false,
    "angle": 0.0,
    "pivotX": 0.0,
    "pivotY": 1.0,
    "anchor": 1,
    "atlasKey": "",
    "assetKey": "MAP_ARROW|MAP_ARROW_PRESSED|MAP_ARROW|MAP_ARROW",
    "Parent": "root",
    "type": "button"
  },
  {
    "key": "BTN_MENU",
    "x": 0.0,
    "y": 0.0,
    "scaleX": 1.0,
    "scaleY": 1.0,
    "flipX": false,
    "flipY": false,
    "angle": 0.0,
    "pivotX": 0.0,
    "pivotY": 1.0,
    "anchor": 1,
    "atlasKey": "",
    "assetKey": "CMN_BTN_MEDIUM|PNG_COMMON_BTN_PRESSED|PNG_GUI_BTN_MENU|PNG_GUI_BTN_MENU",
    "Parent": "root",
    "type": "button"
  }
]