[
  {
    "key": "bg",
    "x": 109.0,
    "y": 230.0,
    "scaleX": 1.0,
    "scaleY": 1.0,
    "flipX": false,
    "flipY": false,
    "angle": 0.0,
    "pivotX": 0.0,
    "pivotY": 1.0,
    "anchor": 1,
    "atlasKey": "",
    "assetKey": "CMN_POPUP",
    "Parent": "root",
    "type": "image"
  },
  {
    "key": "btn_resume",
    "x": 202.0,
    "y": 306.0,
    "scaleX": 1.0,
    "scaleY": 1.0,
    "flipX": false,
    "flipY": false,
    "angle": 0.0,
    "pivotX": 0.0,
    "pivotY": 1.0,
    "anchor": 1,
    "atlasKey": "",
    "assetKey": "CMN_BTN_LONG|PNG_COMMON_BTN_LONG_PRESSED|CMN_BTN_LONG|CMN_BTN_LONG",
    "Parent": "root",
    "type": "button"
  },
  {
    "key": "btn_levels",
    "x": 202.0,
    "y": 451.0,
    "scaleX": 1.0,
    "scaleY": 1.0,
    "flipX": false,
    "flipY": false,
    "angle": 0.0,
    "pivotX": 0.0,
    "pivotY": 1.0,
    "anchor": 1,
    "atlasKey": "",
    "assetKey": "CMN_BTN_LONG|PNG_COMMON_BTN_LONG_PRESSED|CMN_BTN_LONG|CMN_BTN_LONG",
    "Parent": "root",
    "type": "button"
  },
  {
    "key": "btn_moregames",
    "x": 202.0,
    "y": 605.0,
    "scaleX": 1.0,
    "scaleY": 1.0,
    "flipX": false,
    "flipY": false,
    "angle": 0.0,
    "pivotX": 0.0,
    "pivotY": 1.0,
    "anchor": 1,
    "atlasKey": "",
    "assetKey": "CMN_BTN_LONG|PNG_COMMON_BTN_LONG_PRESSED|CMN_BTN_LONG|CMN_BTN_LONG",
    "Parent": "root",
    "type": "button"
  },
  {
    "key": "btn_zibbo",
    "x": 478.0,
    "y": 927.0,
    "scaleX": 1.0,
    "scaleY": 1.0,
    "flipX": false,
    "flipY": false,
    "angle": 0.0,
    "pivotX": 0.0,
    "pivotY": 1.0,
    "anchor": 1,
    "atlasKey": "",
    "assetKey": "CMN_ZIBBO|CMN_ZIBBO|CMN_ZIBBO|CMN_ZIBBO",
    "Parent": "root",
    "type": "button"
  },
  {
    "key": "btn_sounds",
    "x": 643.0,
    "y": 3.0,
    "scaleX": 1.0,
    "scaleY": 1.0,
    "flipX": false,
    "flipY": false,
    "angle": 0.0,
    "pivotX": 0.0,
    "pivotY": 1.0,
    "anchor": 1,
    "atlasKey": "",
    "assetKey": "PNG_COMMON_SOUND|PNG_COMMON_SOUND_PRESSED|CMN_BTN_SOUND|CMN_BTN_SOUND",
    "Parent": "root",
    "type": "button"
  }
]