[
  {
    "key": "IMG_POPUP_BG",
    "x": 107.0,
    "y": 204.0,
    "scaleX": 1.0,
    "scaleY": 1.0,
    "flipX": false,
    "flipY": false,
    "angle": 0.0,
    "pivotX": 0.0,
    "pivotY": 1.0,
    "anchor": 1,
    "atlasKey": "",
    "assetKey": "PNG_GUI_POPUP",
    "Parent": "root",
    "type": "image"
  },
  {
    "key": "IMG_HEART",
    "x": 63.0,
    "y": 168.0,
    "scaleX": 1.0,
    "scaleY": 1.0,
    "flipX": false,
    "flipY": false,
    "angle": 0.0,
    "pivotX": 0.0,
    "pivotY": 1.0,
    "anchor": 1,
    "atlasKey": "",
    "assetKey": "PNG_GUI_HEART",
    "Parent": "root",
    "type": "image"
  },
  {
    "key": "BTN_REPLAY",
    "x": 230.0,
    "y": 524.0,
    "scaleX": 1.0,
    "scaleY": 1.0,
    "flipX": false,
    "flipY": false,
    "angle": 0.0,
    "pivotX": 0.0,
    "pivotY": 1.0,
    "anchor": 1,
    "atlasKey": "",
    "assetKey": "PNG_GUI_NORMAL_REPLAY|PNG_COMMON_BTN_SHORT_PRESSED|PNG_GUI_NORMAL_REPLAY|PNG_GUI_NORMAL_REPLAY",
    "Parent": "root",
    "type": "button"
  },
  {
    "key": "BTN_NEXT_LEVEL",
    "x": 409.0,
    "y": 523.0,
    "scaleX": 1.0,
    "scaleY": 1.0,
    "flipX": false,
    "flipY": false,
    "angle": 0.0,
    "pivotX": 0.0,
    "pivotY": 1.0,
    "anchor": 1,
    "atlasKey": "",
    "assetKey": "PNG_GUI_NEXT|PNG_COMMON_BTN_SHORT_PRESSED|PNG_GUI_NEXT|PNG_GUI_NEXT",
    "Parent": "root",
    "type": "button"
  }
]