[
  {
    "level_id": 22,
    "objective_type": "score",
    "objective_description": "Reach 12500 to finish!",
    "objective_score": 12500,
    "moves": 12,
    "max_score": 25000,
    "columns": 8,
    "rows": 8,
    "board": [
            "0", "1", "1", "1", "1", "1", "1", "0", 
            "1", "1", "1", "1", "1", "1", "1", "1", 
            "1", "1", "0", "1", "1", "0", "1", "1", 
            "1", "1", "0", "1", "1", "0", "1", "1", 
            "1", "1", "0", "1", "1", "0", "1", "1", 
            "1", "1", "0", "1", "1", "0", "1", "1", 
            "1", "1", "1", "1", "1", "1", "1", "1", 
            "0", "1", "1", "1", "1", "1", "1", "0"
            ],
    "cookies": [
            "0", "0", "0", "0", "0", "0", "0", "0", 
            "0", "0", "0", "0", "0", "0", "0", "0", 
            "0", "0", "0", "0", "0", "0", "0", "0", 
            "0", "0", "0", "0", "0", "0", "0", "0", 
            "0", "0", "0", "0", "0", "0", "0", "0", 
            "0", "0", "0", "0", "0", "0", "0", "0", 
            "0", "0", "0", "0", "0", "0", "0", "0", 
            "0", "0", "0", "0", "0", "0", "0", "0"
            ],
    "blockers": [
            "0", "0", "0", "0", "0", "0", "0", "0", 
            "0", "0", "0", "0", "0", "0", "0", "0", 
            "0", "0", "0", "0", "0", "0", "0", "0", 
            "0", "0", "0", "0", "0", "0", "0", "0", 
            "0", "0", "0", "0", "0", "0", "0", "0", 
            "0", "0", "0", "0", "0", "0", "0", "0", 
            "0", "0", "0", "0", "0", "0", "0", "0", 
            "0", "0", "0", "0", "0", "0", "0", "0"
            ],
    "locks": [
            "0", "0", "0", "0", "0", "0", "0", "0", 
            "0", "0", "0", "0", "0", "0", "0", "0", 
            "0", "0", "0", "0", "0", "0", "0", "0", 
            "0", "0", "0", "0", "0", "0", "0", "0", 
            "0", "0", "0", "0", "0", "0", "0", "0", 
            "0", "0", "0", "0", "0", "0", "0", "0", 
            "0", "0", "0", "0", "0", "0", "0", "0", 
            "0", "0", "0", "0", "0", "0", "0", "0"
            ]
  }
]