[
  {
    "level_id": 25,
    "objective_type": "score",
    "objective_description": "Reach 7000 to finish!",
    "objective_score": 7000,
    "moves": 12,
    "max_score": 14000,
    "columns": 8,
    "rows": 8,
    "board": [
            "1", "1", "1", "1", "1", "1", "1", "1", 
            "1", "1", "1", "1", "1", "1", "1", "1", 
            "1", "1", "0", "0", "0", "0", "1", "1", 
            "1", "1", "0", "0", "0", "0", "1", "1", 
            "1", "1", "0", "0", "0", "0", "1", "1", 
            "1", "1", "0", "0", "0", "0", "1", "1", 
            "1", "1", "1", "1", "1", "1", "1", "1", 
            "1", "1", "1", "1", "1", "1", "1", "1"
            ],
    "cookies": [
            "0", "0", "0", "0", "0", "0", "0", "0", 
            "0", "0", "0", "0", "0", "0", "0", "0", 
            "0", "0", "0", "0", "0", "0", "0", "0", 
            "0", "0", "0", "0", "0", "0", "0", "0", 
            "0", "0", "0", "0", "0", "0", "0", "0", 
            "0", "0", "0", "0", "0", "0", "0", "0", 
            "0", "0", "0", "0", "0", "0", "0", "0", 
            "0", "0", "0", "0", "0", "0", "0", "0"
            ],
    "blockers": [
            "0", "0", "0", "0", "0", "0", "0", "0", 
            "0", "0", "0", "0", "0", "0", "0", "0", 
            "0", "0", "0", "0", "0", "0", "0", "0", 
            "0", "0", "0", "0", "0", "0", "0", "0", 
            "0", "0", "0", "0", "0", "0", "0", "0", 
            "0", "0", "0", "0", "0", "0", "0", "0", 
            "0", "0", "0", "0", "0", "0", "0", "0", 
            "0", "0", "0", "0", "0", "0", "0", "0"
            ],
    "locks": [
            "0", "0", "0", "0", "0", "0", "0", "0", 
            "0", "0", "0", "0", "0", "0", "0", "0", 
            "0", "0", "0", "0", "0", "0", "0", "0", 
            "0", "0", "0", "0", "0", "0", "0", "0", 
            "0", "0", "0", "0", "0", "0", "0", "0", 
            "0", "0", "0", "0", "0", "0", "0", "0", 
            "0", "0", "0", "0", "0", "0", "0", "0", 
            "0", "0", "0", "0", "0", "0", "0", "0"
            ]
  }
]