{
    "HELLO_WORLD_STRING"  : "Hello World",
    "GAME_TITLE_STRING"   : "Cookie Crunch",
    "MOVES_STRING"        : "MOVES",
    "SCORE_STRING"        : "SCORE",
    "TARGET_SCORE_STRING" : "TARGET",
    "COMBO_TWO_STRING"    : "Yumm!",
    "COMBO_THREE_STRING"  : "Sweet!",
    "COMBO_FOUR_STRING"   : "Delicious!",
    "COMBO_FIVE_STRING"   : "Mmmmm!",
    "COMBO_SIX_STRING"    : "AMAZING!",
    "COMBO_SEVEN_STRING"  : "INCREDIBLE!",
    "COMBO_EIGHT_STRING"  : "STUPENDIOUS!",
    "COMBO_NINE_STRING"   : "UNBEATABLE",
    "COMBO_TEN_STRING"    : "COOKIE CRUNCH!",
    "DEADLOCK_STRING"     : "No more matches... Rearranging.",

    "EVT_FIRSTTIME_WELCOME"     : "Welcome to my bakery! My name is Carol and you'll be my assistant today.",
    "EVT_FIRSTTIME_GETSTARTED"  : "Let's get started by matching 3 of the same cookie.",
    "EVT_FIRSTMATCH_MATCH"      : "Match 3 or more cookies of the same flavor to crumble (remove) them from the sorting table. Longer matches give more points!",
    "EVT_COOKIESANDWICH_COOKIE" : "Take two cookies of the same type and try matching them with a scoop of ice cream to create a larger cookie worth even more points!",
    "EVT_POWERUPS_USE"          : "Perfect! Next, try using a power up to remove all of the same cookie type.",
    "EVT_POWERUPSUSED_WELLDONE" : "Well done! You can find more powerups by matching these icons with 2 of the same cookie type.",

    "MAP_LEVEL"  : "LEVEL ",
    "MAP_TARGET" : "Target: ",
    "MAP_MOVES"  : "Moves: ",

    "RESULT_SCORE"    : "SCORE: ",
    "RESULT_YOURBEST" : "YOUR BEST: ",
    "RESULT_COMPLETE" : "COMPLETED!",
    "RESULT_FAILED"   : "FAILED!"
}