[
  {
    "level_id": 10,
    "objective_type": "score",
    "objective_description": "Reach 30000 to finish!",
    "objective_score": 30000,
    "moves": 20,
    "max_score": 60000,
    "columns": 8,
    "rows": 8,
    "board": [
            "1", "1", "1", "1", "1", "1", "1", "1", 
            "1", "1", "1", "1", "1", "1", "1", "1", 
            "0", "0", "0", "1", "1", "1", "1", "1", 
            "0", "0", "0", "1", "1", "1", "1", "0", 
            "0", "0", "1", "1", "1", "1", "0", "0", 
            "0", "1", "1", "1", "1", "0", "0", "0", 
            "1", "1", "1", "1", "1", "1", "1", "1", 
            "1", "1", "1", "1", "1", "1", "1", "1"
            ],
    "cookies": [
            "0", "0", "0", "0", "0", "0", "0", "0", 
            "0", "0", "0", "0", "0", "0", "0", "0", 
            "0", "0", "0", "0", "0", "0", "0", "0", 
            "0", "0", "0", "0", "0", "0", "0", "0", 
            "0", "0", "0", "0", "0", "0", "0", "0", 
            "0", "0", "0", "0", "0", "0", "0", "0", 
            "0", "0", "0", "0", "0", "0", "0", "0", 
            "0", "0", "0", "0", "0", "0", "0", "0"
            ],
    "blockers": [
            "0", "0", "0", "0", "0", "0", "0", "0", 
            "0", "0", "0", "0", "0", "0", "0", "0", 
            "0", "0", "0", "0", "0", "0", "0", "0", 
            "0", "0", "0", "0", "0", "0", "0", "0", 
            "0", "0", "0", "0", "0", "0", "0", "0", 
            "0", "0", "0", "0", "0", "0", "0", "0", 
            "0", "0", "0", "0", "0", "0", "0", "0", 
            "0", "0", "0", "0", "0", "0", "0", "0"
            ],
    "locks": [
            "0", "0", "0", "0", "0", "0", "0", "0", 
            "0", "0", "0", "0", "0", "0", "0", "0", 
            "0", "0", "0", "0", "0", "0", "0", "0", 
            "0", "0", "0", "0", "0", "0", "0", "0", 
            "0", "0", "0", "0", "0", "0", "0", "0", 
            "0", "0", "0", "0", "0", "0", "0", "0", 
            "0", "0", "0", "0", "0", "0", "0", "0", 
            "0", "0", "0", "0", "0", "0", "0", "0"
            ]
  }
]